profondeur (en m);pression (en V)
1.0;2898.9902248289345
2.0;1948.6187683284456
3.0;1669.9384164222874
