volume (en mL);pression (en V)
8.0;1346.64452
9.0;908.0261
10.0;883.6445600000001
11.0;881.20142
12.0;886.0877
